id;description;sort_order;date_added;date_modified;status
1;than excitable;7847;2024-07-19;2024-07-19;RESTRICTED
2;pish swathe;31779;2024-07-19;2024-07-19;AVAILABLE
3;equally;2376;2024-07-19;2024-07-19;AVAILABLE
4;exhibition;3375;2024-07-19;2024-07-19;DISABLED
5;secure;22865;2024-07-19;2024-07-19;RESTRICTED
6;really requirement intermingle;11975;2024-07-19;2024-07-19;RESTRICTED
7;verifiable;2065;2024-07-19;2024-07-19;DISABLED
8;mollycoddle;11488;2024-07-19;2024-07-19;AVAILABLE
9;utterly for provided;8440;2024-07-19;2024-07-19;RESTRICTED
10;interferometer mayonnaise highland;30607;2024-07-18;2024-07-19;RESTRICTED
