id;title;keywords;description;rating;date_added;date_modified
1;frantically ack;genuine indeed;quietly;16512;2024-07-19;2024-07-18
2;reign;bubbly;notwithstanding throughout;11217;2024-07-19;2024-07-19
3;geez hearty;advocate until;toward fruit safely;8737;2024-07-19;2024-07-19
4;ick;skipper huzzah what;decent intuition yum;28717;2024-07-18;2024-07-19
5;reinterpret furthermore;showboat kiss;meanwhile;5078;2024-07-19;2024-07-19
6;orchid powerful;as excepting;joshingly;3153;2024-07-19;2024-07-19
7;sturdy pfft yet;obligation;lest aw;5410;2024-07-19;2024-07-19
8;ugly;beside;enlightened good lost;10686;2024-07-19;2024-07-19
9;why especially pfft;aw woefully;slippery euthanize;6224;2024-07-19;2024-07-19
10;sully until underneath;mission eyelids;captain;24224;2024-07-19;2024-07-19
